feature,min,max,mean,std,missing_pct,outlier_count_iqr,outlier_pct_iqr,temporal_std_spatial_mean,mean_node_temporal_std
sst,22.723403930664062,33.1702766418457,29.014534841762117,1.2584751578808135,0.0,105886,1.09549692268473,1.1293915121951872,1.216841804633056
salinity,19.939964294433594,35.716434478759766,32.528437687819896,1.4263707307145397,0.0,787440,8.146856966915964,0.44503264354993644,1.0714216154459235
u_current,-1.7259503602981567,2.186163902282715,0.009985062232469345,0.2968685998070602,0.0,328392,3.3975447692261853,0.09892911775934499,0.27806089359996244
v_current,-2.29286527633667,1.799669623374939,0.023008042522903265,0.28381412843584075,0.0,377739,3.9080890021155508,0.05373132038909638,0.26556189521528833
swh,0.09499999787658453,8.507495842743747,1.5002806766185508,0.6845243678208369,0.0,184342,1.9072029703789783,0.5904013817174205,0.6490746470921248
wind_speed,0.0033374640446643894,22.122889125628046,5.909129387898739,2.672271916417177,0.0,41474,0.4290901476250542,2.195668572316221,2.6322923567670315
wind_direction,5.683435250602997e-05,359.99993402330733,148.44260087866675,84.9995127389959,0.0,0,0.0,72.61419510148262,84.53880659828489
pressure,983.06453125,1019.4345309448242,1009.3113887123344,3.958067897144242,0.0,46196,0.4779439759774076,3.736354629524365,3.844402633500417
bathymetry,7.92956018447876,3992.48388671875,2916.495929734584,871.7311252446561,0.0,546480,5.653883972468043,4.547473508864641e-13,0.0
latitude,10.0,20.0,14.382390805909923,2.7143283258803548,0.0,0,0.0,0.0,0.0
longitude,80.0,90.0,85.6056039460719,2.740727652517484,0.0,0,0.0,0.0,0.0
sin_day_of_year,-0.9999994220246925,0.9999855506507186,-0.03655003670189899,0.694449090314746,0.0,0,0.0,0.694449090314746,0.694449090314746
cos_day_of_year,-0.9999791929590823,0.9999907524084426,0.0644332665449416,0.7157184571746492,0.0,0,0.0,0.7157184571746492,0.7157184571746492
