dataset,variable,exists,dimensions,shape,dtype,units,long_name,standard_name,total_cells,nan_count,inf_count,missing_percent,min,max,mean,std
copernicus_physics_thetao,thetao,True,"['time', 'depth', 'latitude', 'longitude']","[945, 1, 121, 121]",float32,degrees_C,Temperature,sea_water_potential_temperature,13835745,2115855,0,15.292671265623934,22.722942352294922,33.25794982910156,29.083984375,1.1894254684448242
copernicus_physics_salinity,so,True,"['time', 'depth', 'latitude', 'longitude']","[945, 1, 121, 121]",float32,1e-3,Salinity,sea_water_salinity,13835745,2115855,0,15.292671265623934,19.939964294433594,35.716434478759766,32.48933792114258,1.5369477272033691
copernicus_physics_currents,uo,True,"['time', 'depth', 'latitude', 'longitude']","[945, 1, 121, 121]",float32,m s-1,Eastward velocity,eastward_sea_water_velocity,13835745,2115855,0,15.292671265623934,-1.7259503602981567,2.186163902282715,0.014048834331333637,0.2899446487426758
copernicus_physics_currents,vo,True,"['time', 'depth', 'latitude', 'longitude']","[945, 1, 121, 121]",float32,m s-1,Northward velocity,northward_sea_water_velocity,13835745,2115855,0,15.292671265623934,-2.29286527633667,1.799669623374939,0.017017189413309097,0.2741657793521881
copernicus_physics_bathymetry,deptho,True,"['latitude', 'longitude']","[121, 121]",float64,m,not specified,sea_floor_depth_below_geoid,14641,2239,0,15.292671265623934,7.92956018447876,3992.48388671875,2870.3416225524934,937.6199213239398
copernicus_wave,VHM0,True,"['time', 'latitude', 'longitude']","[6335, 121, 121]",float64,m,Spectral significant wave height (Hm0),sea_surface_wave_significant_height,92750735,14918925,0,16.084966873847414,0.05999999865889549,10.439999766647816,1.4966709185650018,0.6941357614889525
era5,u10,True,"['valid_time', 'latitude', 'longitude']","[4384, 41, 41]",float32,m s**-1,10 metre U wind component,unknown,7369504,0,0,0.0,-22.71343994140625,27.497100830078125,0.494823157787323,4.4402689933776855
era5,v10,True,"['valid_time', 'latitude', 'longitude']","[4384, 41, 41]",float32,m s**-1,10 metre V wind component,unknown,7369504,0,0,0.0,-23.667434692382812,25.513412475585938,1.3172531127929688,3.9967474937438965
era5,msl,True,"['valid_time', 'latitude', 'longitude']","[4384, 41, 41]",float32,Pa,Mean sea level pressure,air_pressure_at_mean_sea_level,7369504,0,0,0.0,97236.375,102183.25,100887.5625,428.7507019042969
